Statistiques,CalYear,HourOfCall,FirstPumpArriving_AttendanceTime,NumStationsWithPumpsAttending,NumPumpsAttending,PumpCount,PumpHoursRoundUp,Notional Cost (£)
count, 1 287 593 , 1 287 593 , 1 287 593 , 1 287 593 , 1 287 593 , 1 287 593 , 1 287 593 , 1 287 593 
mean,2015.7728,13.448215,315.9829115,1.303519823,1.467632241,1.469314,60.26989895,310.407694
std,4.3718827,6.2372762,137.8350061,0.551003664,0.677244605,0.689443,26.78262605,141.3901401
min,2009,0,1,1,1,1,60,255
25%,2012,9,229,1,1,1,60,260
50%,2016,14,294,1,1,1,60,326
75%,2020,19,376,2,2,2,60,339
max,2023,23,1200,9,12,79, 19 740 , 85 540 
